rate,f0,vowel,cents,engine,estimated_hz,confidence,cents_error
44100,90,ah,-1200,legacy,0.0,0.7487576314521822,
44100,90,ah,-1200,synchronous,45.00002334185899,1.0,0.0008980046795835013
44100,90,ah,-1200,spectral,45.000028721600266,0.999981722228008,0.0011049732546568856
44100,90,ah,-700,legacy,60.16747556933955,0.817569737258171,2.8705909909103595
44100,90,ah,-700,synchronous,60.067852900549326,0.99980620058464,0.0017137992998429955
44100,90,ah,-700,spectral,60.06786431475689,0.9998252432404666,0.002042771652628519
44100,90,ah,-100,legacy,84.95929167335365,0.9978022110845102,0.21608397303924962
44100,90,ah,-100,synchronous,84.94886189585512,0.9998734568097839,0.0035410717949380197
44100,90,ah,-100,spectral,84.94886528265452,0.9998751221681227,0.0036100938184612037
44100,90,ah,25,legacy,91.30230579324953,0.999585444677621,-0.12844749277386508
44100,90,ah,25,synchronous,91.30926786566825,0.9999958052772684,0.003559220576066583
44100,90,ah,25,spectral,91.3092673875406,0.9999958917408461,0.0035501552218611724
44100,90,ah,100,legacy,95.33970507123492,0.9962012385499361,-0.21740672215893098
44100,90,ah,100,synchronous,95.35173654885118,0.998322368396196,0.001054091399727545
44100,90,ah,100,spectral,95.35173616023776,0.9983494365112145,0.0010470356209779453
44100,90,ah,700,legacy,134.74043957157076,0.9144359599158479,-1.3767946258257622
44100,90,ah,700,synchronous,134.8482854703109,0.9999909725035165,0.008326371958807591
44100,90,ah,700,spectral,134.84828410341186,0.9999875143009902,0.008308823184145194
44100,90,ah,1200,legacy,47.36569597565411,0.9921103094605324,-2311.298901993501
44100,90,ah,1200,synchronous,180.00149437833412,0.9999999999999314,0.014372821750051156
44100,90,ah,1200,spectral,180.00149141571137,0.9999972757903258,0.01434432757874281
44100,90,ee,-1200,legacy,0.0,0.7174689997854244,
44100,90,ee,-1200,synchronous,45.000023389105095,1.0,0.0008998223242368741
44100,90,ee,-1200,spectral,45.000011937134154,0.9999494624866277,0.0004592437855494401
44100,90,ee,-700,legacy,60.41799010180614,0.7990942922465588,10.063827919104746
44100,90,ee,-700,synchronous,60.06787988917112,0.9999717266243234,0.0024916464883169365
44100,90,ee,-700,spectral,60.06786463575762,0.9999719558029446,0.0020520233116967054
44100,90,ee,-100,legacy,84.97982461201161,0.9975884291273491,0.6344375985267252
44100,90,ee,-100,synchronous,84.94892113830466,0.9999827825426193,0.004748415928107739
44100,90,ee,-100,spectral,84.9489134656753,0.999983277174003,0.004592049989899252
44100,90,ee,25,legacy,91.29090433229413,0.9994931885509052,-0.3446504657888564
44100,90,ee,25,synchronous,91.30926029303627,0.9999994201732726,0.003415642611290817
44100,90,ee,25,spectral,91.30924964496803,0.9999993809173393,0.003213754004247843
44100,90,ee,100,legacy,95.31794202038913,0.9972588537170758,-0.6126380215499674
44100,90,ee,100,synchronous,95.35173748078036,0.9997655984486727,0.0010710117787066948
44100,90,ee,100,spectral,95.3517362666524,0.9997685699331252,0.0010489677161462634
44100,90,ee,700,legacy,134.58118789183163,0.903946313476277,-3.424175410388844
44100,90,ee,700,synchronous,134.84831320570007,0.9999988294610728,0.008682449494200299
44100,90,ee,700,spectral,134.8482568108444,0.9999962434427178,0.007958430688067628
44100,90,ee,1200,legacy,47.36191679670879,0.991108716398686,-2311.437037919862
44100,90,ee,1200,synchronous,180.00149349670508,1.0,0.014364342341373975
44100,90,ee,1200,spectral,180.00138513443818,0.9999947170156405,0.013322125974830715
44100,90,oo,-1200,legacy,37.20934792810605,0.7699506073048696,-329.1118717649662
44100,90,oo,-1200,synchronous,45.00002325189341,0.9999999999999949,0.0008945435372872609
44100,90,oo,-1200,spectral,45.00001530863968,0.9999703088098801,0.0005889518613580259
44100,90,oo,-700,legacy,60.50896288360778,0.8339281274805407,12.668626985260097
44100,90,oo,-700,synchronous,60.06783807638997,0.9999703961735611,0.0012865475945550904
44100,90,oo,-700,spectral,60.06784824267412,0.9999649967779263,0.001579553241984474
44100,90,oo,-100,legacy,84.99806084461503,0.9979447398851635,1.0059116505313122
44100,90,oo,-100,synchronous,84.9488471282066,0.9999818497833685,0.0032401112218774872
44100,90,oo,-100,spectral,84.94884893436026,0.9999811191294021,0.003276920134576466
44100,90,oo,25,legacy,91.28144294815421,0.9996085100638333,-0.5240847627454929
44100,90,oo,25,synchronous,91.30927309105824,0.9999993706104462,0.003658294558910596
44100,90,oo,25,spectral,91.30927079283832,0.999999366115031,0.0036147200509042098
44100,90,oo,100,legacy,95.29638763906003,0.9977596378192978,-1.0041687012130838
44100,90,oo,100,synchronous,95.35173166844751,0.999750889655475,0.0009654813595384945
44100,90,oo,100,spectral,95.35173530444955,0.9997497908090627,0.0010314976792646451
44100,90,oo,700,legacy,134.37247372795744,0.9204331414504088,-6.11113001348542
44100,90,oo,700,synchronous,134.8482713913676,0.9999987155741266,0.008145621071345808
44100,90,oo,700,spectral,134.8482288848636,0.9999966125683896,0.007599906114327915
44100,90,oo,1200,legacy,47.35614567840739,0.9923889378316696,-2311.648004154936
44100,90,oo,1200,synchronous,180.00149235899224,0.9999999999998672,0.014353399947611327
44100,90,oo,1200,spectral,180.00137489936037,0.9999955949327174,0.013223686089401535
44100,220,ah,-1200,legacy,110.19063378182402,0.94759772117475,2.997691325797815
44100,220,ah,-1200,synchronous,110.00030164186771,0.9999351426947957,0.004747381418183656
44100,220,ah,-1200,spectral,110.00031248677462,0.9999672170433797,0.004918063415310879
44100,220,ah,-700,legacy,146.9492368201439,0.9863805266229242,1.377211158330558
44100,220,ah,-700,synchronous,146.83309219898567,0.9990835154573513,0.008350519829394209
44100,220,ah,-700,spectral,146.83299814607534,0.9993619922478636,0.007241589611438655
44100,220,ah,-100,legacy,207.6698067007332,0.9989232685318206,0.14554354566751482
44100,220,ah,-100,synchronous,207.65396922825732,0.9989804555660815,0.01350982545304829
44100,220,ah,-100,spectral,207.65392930202165,0.9989135442055217,0.013176955989913842
44100,220,ah,25,legacy,223.19370576207024,0.99849538648727,-0.04861737191320868
44100,220,ah,25,synchronous,223.20107904983914,0.9986188449567394,0.008573649463081489
44100,220,ah,25,spectral,223.20108324381454,0.9986678409317868,0.008606179561183784
44100,220,ah,100,legacy,233.06701331594158,0.9994016074517275,-0.11043262811108763
44100,220,ah,100,synchronous,233.08503193743852,0.9996712598282781,0.023405467788848996
44100,220,ah,100,spectral,233.08504250619524,0.9996763710984227,0.023483966999666595
44100,220,ah,700,legacy,329.4847133980602,0.9934972195807793,-0.750389794084693
44100,220,ah,700,synchronous,329.63478231032553,0.9996983279687152,0.03794803176077222
44100,220,ah,700,spectral,329.6346783448579,0.9996362757519227,0.037402007507169356
44100,220,ah,1200,legacy,439.72357422142466,0.9834119385464756,-1.0879729716982312
44100,220,ah,1200,synchronous,440.019718336417,0.9996223517860394,0.07758247841606544
44100,220,ah,1200,spectral,440.0204611317466,0.9996438968281086,0.0805049644479224
44100,220,ee,-1200,legacy,30.40555795770714,0.8916546537982162,-2226.1158656023144
44100,220,ee,-1200,synchronous,110.00026082640007,0.9999918380277892,0.004105009175857065
44100,220,ee,-1200,spectral,110.00029720750713,0.9999927741795089,0.00467759146234617
44100,220,ee,-700,legacy,148.27291317131724,0.9546699504238755,16.901852012601854
44100,220,ee,-700,synchronous,146.83323584394267,0.999884146700018,0.010044163375203747
44100,220,ee,-700,spectral,146.8331006804842,0.9999403171976374,0.00845052084668753
44100,220,ee,-100,legacy,207.81782617686483,0.9994548785296626,1.3790645824813847
44100,220,ee,-100,synchronous,207.65423321923822,0.9998887074280426,0.015710745984454814
44100,220,ee,-100,spectral,207.65431886973573,0.9998862866875747,0.016424822575662835
44100,220,ee,25,legacy,223.09496457627057,0.9997160255397998,-0.8146870351262647
44100,220,ee,25,synchronous,223.2008426538664,0.9998458613229166,0.006740069735334052
44100,220,ee,25,spectral,223.20078778016386,0.9998378819170792,0.0063144475341986
44100,220,ee,100,legacy,232.89880056563862,0.9993061392017866,-1.360376914950929
44100,220,ee,100,synchronous,233.08527999615282,0.9999647355846732,0.02524791756054539
44100,220,ee,100,spectral,233.0854562037065,0.9999612335322046,0.02655669347867234
44100,220,ee,700,legacy,328.1694569627911,0.9791645562226116,-7.67506194672237
44100,220,ee,700,synchronous,329.63412284764087,0.9999262951318585,0.034484545935899134
44100,220,ee,700,spectral,329.6347659387131,0.9999411680068753,0.037862048438672864
44100,220,ee,1200,legacy,52.39766001844152,0.991925773355236,-3683.915080199928
44100,220,ee,1200,synchronous,440.02406452067214,0.9996661592664382,0.09468222348024938
44100,220,ee,1200,spectral,440.0198429320984,0.9998861523782719,0.07807269339161384
44100,220,oo,-1200,legacy,30.514500942042982,0.8957646155177688,-2219.923947592076
44100,220,oo,-1200,synchronous,110.00027402760661,0.9999879412036333,0.004312775745666572
44100,220,oo,-1200,spectral,110.00027769567981,0.9999842350395716,0.004370505539389511
44100,220,oo,-700,legacy,147.21903820150416,0.9571592456964642,4.552872903859346
44100,220,oo,-700,synchronous,146.8329189009261,0.9998298698009872,0.006307249651366475
44100,220,oo,-700,spectral,146.83299307666442,0.9998370336063271,0.007181818735458961
44100,220,oo,-100,legacy,207.68602603200253,0.9993840106973884,0.2807503074268997
44100,220,oo,-100,synchronous,207.65375067896383,0.9998296399370588,0.011687754924944173
44100,220,oo,-100,spectral,207.65379162859222,0.9998196912773477,0.012029156819655015
44100,220,oo,25,legacy,223.18055271367746,0.9996286717722527,-0.1506438880073685
44100,220,oo,25,synchronous,223.20115950704619,0.9997679159038854,0.009197706621944584
44100,220,oo,25,spectral,223.20120598454392,0.9997682519179069,0.009558203934620951
44100,220,oo,100,legacy,233.05219454300436,0.9994075311184779,-0.22051075340765514
44100,220,oo,100,synchronous,233.08480293569008,0.9999449388778155,0.021704561404369802
44100,220,oo,100,spectral,233.08486125202558,0.9999480529983283,0.02213770510039822
44100,220,oo,700,legacy,329.48841806990737,0.981031447273144,-0.7309241930268033
44100,220,oo,700,synchronous,329.63499811234493,0.999909396225743,0.039081418470779915
44100,220,oo,700,spectral,329.6352418765652,0.9999380154644253,0.04036166105572027
44100,220,oo,1200,legacy,52.38271196533482,0.9929986346447848,-3684.4090387188985
44100,220,oo,1200,synchronous,440.0193270929843,0.999790039660783,0.07604315136998455
44100,220,oo,1200,spectral,440.0189374775231,0.9998887744888053,0.07451022813303898
44100,660,ah,-1200,legacy,334.5030982661061,0.9977538799556478,23.464258948123096
44100,660,ah,-1200,synchronous,330.00510030959816,0.9993348715657367,0.02675685273672488
44100,660,ah,-1200,spectral,330.0052676980763,0.9998247277333266,0.02763498631425341
44100,660,ah,-700,legacy,443.47408879950433,0.9990289042262761,11.660546882506567
44100,660,ah,-700,synchronous,440.51898545649465,0.9999329428849806,0.08580782162456461
44100,660,ah,-700,spectral,440.5185264436173,0.9999711443417869,0.0840039058743089
44100,660,ah,-100,legacy,623.4401473354238,0.9997207617497857,1.342045516032626
44100,660,ah,-100,synchronous,623.0092850021472,0.9998173740886696,0.14516812624564965
44100,660,ah,-100,spectral,623.0091700069686,0.9998181358831345,0.14484857468886225
44100,660,ah,25,legacy,669.4533662514517,0.9999350911560022,-0.378955305055894
44100,660,ah,25,synchronous,669.6706444216799,0.9999069746527142,0.18284385128952213
44100,660,ah,25,spectral,669.6705260104768,0.9999076014183186,0.18253773435503548
44100,660,ah,100,legacy,698.8251894321439,0.9999267024001164,-1.0412953145301191
44100,660,ah,100,synchronous,699.3327225467284,0.9999758335697707,0.21558509942465623
44100,660,ah,100,spectral,699.3330038388854,0.9999763072323575,0.21628145245711888
44100,660,ah,700,legacy,984.6788175819809,0.9993145321377401,-7.375361520080732
44100,660,ah,700,synchronous,989.0000649068135,0.9983595743035415,0.2055094346412446
44100,660,ah,700,spectral,988.9997600025577,0.9983538929634077,0.2049757029164342
44100,660,ah,1200,legacy,1311.4007333525383,0.9970138408420364,-11.315187401859596
44100,660,ah,1200,synchronous,1320.3217849650603,0.9970189690661816,0.42198272492426214
44100,660,ah,1200,spectral,1320.3207020644218,0.9970750822020936,0.4205628019574709
44100,660,ee,-1200,legacy,330.75068448976464,0.9924682709009556,3.933741238406802
44100,660,ee,-1200,synchronous,330.0020829086947,0.9980289747342668,0.010927245676355009
44100,660,ee,-1200,spectral,330.00428991342227,0.9988915064873549,0.02250544215480328
44100,660,ee,-700,legacy,441.00256943641506,0.998208069424081,1.9852443832294542
44100,660,ee,-700,synchronous,440.52200104947275,0.9997970395405434,0.09765902337778305
44100,660,ee,-700,spectral,440.5204542706261,0.9998403230422146,0.09158023298664
44100,660,ee,-100,legacy,623.0671967221159,0.999455883699403,0.3060872078470935
44100,660,ee,-100,synchronous,622.999420622571,0.9994754699223317,0.11775652034204512
44100,660,ee,-100,spectral,622.9994819056928,0.9993880200063061,0.11792681812813435
44100,660,ee,25,legacy,669.6235331368691,0.9997770456979493,0.06104736809699605
44100,660,ee,25,synchronous,669.6622184598102,0.9997362524729757,0.16106089876206942
44100,660,ee,25,spectral,669.6624834049019,0.9997560733279026,0.16174584388899432
44100,660,ee,100,legacy,699.2580442139664,0.9998968849280415,0.030705182295823537
44100,660,ee,100,synchronous,699.3373143092982,0.9999337840401402,0.22695220602830557
44100,660,ee,100,spectral,699.3370878660863,0.9999390863729208,0.22639163782456634
44100,660,ee,700,legacy,988.2759185162507,0.9953062964243842,-1.0625653858813404
44100,660,ee,700,synchronous,988.9774474886249,0.9949837693234871,0.16591743298675474
44100,660,ee,700,spectral,988.9924757603703,0.9979508684746872,0.192224663889385
44100,660,ee,1200,legacy,1319.025819593282,0.9886725591664849,-1.2781491974263528
44100,660,ee,1200,synchronous,1320.362469636295,0.9918929351434583,0.4753285105853549
44100,660,ee,1200,spectral,1320.3280232284437,0.996915009790285,0.4301624494323667
44100,660,oo,-1200,legacy,334.54774311906624,0.9978602161743078,23.695304736855327
44100,660,oo,-1200,synchronous,330.0050613612666,0.9993423588359198,0.02655252655614409
44100,660,oo,-1200,spectral,330.0053142425853,0.999831334602184,0.027879162516932218
44100,660,oo,-700,legacy,443.5044147136014,0.9990753334094058,11.778929131605878
44100,660,oo,-700,synchronous,440.51871700867105,0.9999344321341685,0.08475282474686943
44100,660,oo,-700,spectral,440.51845627310587,0.9999723571810889,0.08372813634120452
44100,660,oo,-100,legacy,623.4454556864895,0.9997246134495869,1.3567862397800237
44100,660,oo,-100,synchronous,623.0092602371146,0.99982045216601,0.14509930854188935
44100,660,oo,-100,spectral,623.0090241026833,0.9998238184466165,0.14444313202695824
44100,660,oo,25,legacy,669.4535788964798,0.999935725793185,-0.37840539631962306
44100,660,oo,25,synchronous,669.6705922699996,0.999909511709764,0.18270902864329033
44100,660,oo,25,spectral,669.6706330176048,0.9999095540301065,0.18281436944863166
44100,660,oo,100,legacy,698.8194653847783,0.999927552260951,-1.0554758369737962
44100,660,oo,100,synchronous,699.3327802962788,0.9999766540243016,0.21572806139503864
44100,660,oo,100,spectral,699.333040559742,0.9999767805215437,0.21637235678338806
44100,660,oo,700,legacy,984.6313898697579,0.9993433758238038,-7.458749571363751
44100,660,oo,700,synchronous,989.0000964646446,0.9983565331657722,0.2055646762865457
44100,660,oo,700,spectral,988.9998769446017,0.9983611865888523,0.20518040876613283
44100,660,oo,1200,legacy,1311.3103956918744,0.9971137759335521,-11.434449971331473
44100,660,oo,1200,synchronous,1320.3251262240053,0.997023645996608,0.42636384928290555
44100,660,oo,1200,spectral,1320.3209258297634,0.9970778053848107,0.42085620805575147
48000,90,ah,-1200,legacy,0.0,0.7486293547081055,
48000,90,ah,-1200,synchronous,45.00000398280353,0.9993747221193544,0.00015322588381150656
48000,90,ah,-1200,spectral,45.000009227904904,0.9995924227740887,0.00035501470059498026
48000,90,ah,-700,legacy,60.167503356577406,0.8174696817224943,2.871390529211617
48000,90,ah,-700,synchronous,60.06784414085625,0.9999458910750955,0.0014613334753394965
48000,90,ah,-700,spectral,60.06784870793325,0.9999367290658691,0.0015929626191503725
48000,90,ah,-100,legacy,84.95925369662996,0.997831297290358,0.21531011287041482
48000,90,ah,-100,synchronous,84.94886215795131,0.9999867166295575,0.003546413242322305
48000,90,ah,-100,spectral,84.9488277933626,0.999987269517355,0.0028460723948968026
48000,90,ah,25,legacy,91.30219272414918,0.9991511356019502,-0.13059146050753578
48000,90,ah,25,synchronous,91.30919723848083,0.9994455210190941,0.0022201205945137042
48000,90,ah,25,spectral,91.30915869600216,0.9994551068449207,0.0014893501186504197
48000,90,ah,100,legacy,95.33972207346753,0.9963201231787167,-0.21709798571628605
48000,90,ah,100,synchronous,95.35184527608905,0.9990900740179853,0.003028173841929534
48000,90,ah,100,spectral,95.35180801836276,0.9991010213768219,0.0023517122928518883
48000,90,ah,700,legacy,134.740275817752,0.9149684237922995,-1.3788986441877216
48000,90,ah,700,synchronous,134.84820252190627,0.9999884708169439,0.00726144817370588
48000,90,ah,700,spectral,134.84814470131005,0.9999855203942853,0.006519124549641109
48000,90,ah,1200,legacy,47.36571280816389,0.9887711752290528,-2311.298286759031
48000,90,ah,1200,synchronous,180.00076717895212,0.9993737833886536,0.007378686073684072
48000,90,ah,1200,spectral,180.00063974958837,0.9993681186166792,0.00615307945596815
48000,90,ee,-1200,legacy,0.0,0.7175175480202196,
48000,90,ee,-1200,synchronous,44.99998759459424,0.9999094132099215,-0.00047725919575703114
48000,90,ee,-1200,spectral,45.000011462630916,0.9998953426333314,0.00044098876452298785
48000,90,ee,-700,legacy,60.41797947959551,0.7990542456123219,10.063523547272855
48000,90,ee,-700,synchronous,60.0678535828806,0.9999921670483828,0.0017334649793608837
48000,90,ee,-700,spectral,60.06785791285444,0.9999817160853633,0.0018582604799415737
48000,90,ee,-100,legacy,84.97979144406949,0.9975715840926056,0.6337618912959911
48000,90,ee,-100,synchronous,84.94883539104173,0.99999817873229,0.00300091102601549
48000,90,ee,-100,spectral,84.94883896225063,0.9999981858845356,0.0030736912860670823
48000,90,ee,25,legacy,91.29063130317078,0.9994536249906539,-0.3498281779060791
48000,90,ee,25,synchronous,91.30909375215701,0.9999237936400786,0.0002580055572056251
48000,90,ee,25,spectral,91.30908548487835,0.9999209164305362,0.00010125671240156224
48000,90,ee,100,legacy,95.31793974968119,0.9972176174056687,-0.612679263805796
48000,90,ee,100,synchronous,95.35185334625749,0.9998730138650556,0.003174698009931132
48000,90,ee,100,spectral,95.35185837692035,0.999874011488926,0.0032660360834410353
48000,90,ee,700,legacy,134.5813346006524,0.9039585296272452,-3.4222881691527633
48000,90,ee,700,synchronous,134.84810944154387,0.999998497296357,0.006066445605580471
48000,90,ee,700,spectral,134.84811181951383,0.9999952469354013,0.006096974936472249
48000,90,ee,1200,legacy,47.36196424801544,0.9903972688963687,-2311.435303419188
48000,90,ee,1200,synchronous,180.00027907587813,0.9998861811207689,0.002684140488594469
48000,90,ee,1200,spectral,180.0003481732492,0.9999173537299927,0.003348715561157947
48000,90,oo,-1200,legacy,37.20916759334221,0.7699848683938196,-329.1202621952565
48000,90,oo,-1200,synchronous,45.000009537405305,0.9999049281379364,0.00036692175677593964
48000,90,oo,-1200,spectral,45.000011207686555,0.9998858035042306,0.00043118058145852605
48000,90,oo,-700,legacy,60.50899806164714,0.8339107451490546,12.669633470893134
48000,90,oo,-700,synchronous,60.06784423572719,0.9999913557074093,0.0014640677801456283
48000,90,oo,-700,spectral,60.067842115033955,0.9999834997644153,0.001402946618744004
48000,90,oo,-100,legacy,84.99801912672126,0.9979068712099503,1.0050619434302537
48000,90,oo,-100,synchronous,84.94889932900325,0.9999979370135331,0.004303948717829712
48000,90,oo,-100,spectral,84.94882099106493,0.9999979971248536,0.0027074434096318284
48000,90,oo,25,legacy,91.2813772210295,0.9996023874758946,-0.5253313367865627
48000,90,oo,25,synchronous,91.30918298546386,0.9999166820815373,0.0019498815499843533
48000,90,oo,25,spectral,91.3091814938533,0.9999166361327607,0.0019216004183850617
48000,90,oo,100,legacy,95.29633979173268,0.9977279020220634,-1.0050379360825068
48000,90,oo,100,synchronous,95.35183321818296,0.9998646964161495,0.0028092472040137035
48000,90,oo,100,spectral,95.35178845930807,0.9998649392266439,0.00199659259859092
48000,90,oo,700,legacy,134.37245961326673,0.9204233944154976,-6.111311864974549
48000,90,oo,700,synchronous,134.8482636939772,0.9999982435591935,0.008046799005443967
48000,90,oo,700,spectral,134.8481523931646,0.9999959272306429,0.0066178756315404845
48000,90,oo,1200,legacy,47.356111141051436,0.9920482937388743,-2311.649266763359
48000,90,oo,1200,synchronous,180.00093204134487,0.999876545709144,0.008964319632280891
48000,90,oo,1200,spectral,180.00071206960726,0.9999034547974687,0.006848648394833616
48000,220,ah,-1200,legacy,110.19045275142865,0.9474293853181867,2.994847107273102
48000,220,ah,-1200,synchronous,110.00026062835124,0.9991276575671573,0.0041018921936453925
48000,220,ah,-1200,spectral,110.00021084310339,0.9995941447855097,0.003318349179902863
48000,220,ah,-700,legacy,146.94884051729278,0.986037588237802,1.3725422404810712
48000,220,ah,-700,synchronous,146.83292790478868,0.9999376951107006,0.006413409721777752
48000,220,ah,-700,spectral,146.83299340054253,0.9999586231911478,0.007185637419532442
48000,220,ah,-100,legacy,207.67012655548498,0.9997238094350844,0.14821000459754616
48000,220,ah,-100,synchronous,207.6543317413398,0.9998508470322863,0.016532134374817042
48000,220,ah,-100,spectral,207.65431332605846,0.9998472604785513,0.016378604403916665
48000,220,ah,25,legacy,223.19504237494152,0.9999504313818866,-0.038249773165031455
48000,220,ah,25,synchronous,223.2024195650962,0.9999805957483796,0.018971173960612722
48000,220,ah,25,spectral,223.20243225670066,0.9999812175424706,0.01906961436838887
48000,220,ah,100,legacy,233.0664259158466,0.9998161009561023,-0.11479587244962426
48000,220,ah,100,synchronous,233.08443127947854,0.9999724090865413,0.01894408799386334
48000,220,ah,100,spectral,233.0844751760357,0.9999734879686946,0.019270129535284963
48000,220,ah,700,legacy,329.481801763417,0.9923973907132394,-0.7656886625907449
48000,220,ah,700,synchronous,329.63146939118275,0.9991821322538822,0.020548571657616654
48000,220,ah,700,spectral,329.6313975996216,0.9989969225020396,0.02017152025267901
48000,220,ah,1200,legacy,439.72139110166887,0.9854504035176174,-1.096568145707736
48000,220,ah,1200,synchronous,440.01842775894625,0.9999489313240109,0.0725047629325067
48000,220,ah,1200,spectral,440.0188174750061,0.9999545441888359,0.0740380837456959
48000,220,ee,-1200,legacy,30.405091735035278,0.8916922060674051,-2226.142411628975
48000,220,ee,-1200,synchronous,110.00028912578475,0.9998909310063216,0.004550397683486304
48000,220,ee,-1200,spectral,110.00021978541972,0.9999586535747904,0.0034590874726704852
48000,220,ee,-700,legacy,148.2773508031902,0.9547269177928936,16.953665012484528
48000,220,ee,-700,synchronous,146.8328964877408,0.9999920322464018,0.0060429868907764675
48000,220,ee,-700,spectral,146.83294315909797,0.9999956703358451,0.006593265688992712
48000,220,ee,-100,legacy,207.81742901959626,0.9994931332075973,1.37575604607798
48000,220,ee,-100,synchronous,207.65448640512668,0.9999837182927884,0.017821580696644333
48000,220,ee,-100,spectral,207.65450912027944,0.9999840579255821,0.018010958949048157
48000,220,ee,25,legacy,223.09655378385273,0.9998420037911533,-0.8023547062312323
48000,220,ee,25,synchronous,223.20247944734223,0.9999977936642592,0.0194356410107339
48000,220,ee,25,spectral,223.20253005722492,0.9999977793954923,0.019828188362262654
48000,220,ee,100,legacy,232.89802864019092,0.9994397934926453,-1.3661149686887368
48000,220,ee,100,synchronous,233.08437032687857,0.999997004681706,0.018491362645932638
48000,220,ee,100,spectral,233.08434714049676,0.9999968519403662,0.01831914579737418
48000,220,ee,700,legacy,328.1637906856157,0.979353482072868,-7.70495423699696
48000,220,ee,700,synchronous,329.6309194213514,0.9998010017107134,0.017660111723887862
48000,220,ee,700,spectral,329.6315234242657,0.9998462117785565,0.02083235495527214
48000,220,ee,1200,legacy,52.39808925976707,0.9924209144748865,-3683.900897998776
48000,220,ee,1200,synchronous,440.01997223042093,0.9999548859437574,0.07858141050797406
48000,220,ee,1200,spectral,440.0184646126981,0.9999850996138728,0.07264976246713244
48000,220,oo,-1200,legacy,30.51446806339335,0.8957771847576015,-2219.9258129566283
48000,220,oo,-1200,synchronous,110.0002192933449,0.999840018351751,0.003451342972497868
48000,220,oo,-1200,spectral,110.00018803520742,0.9998634487437256,0.002959387957042172
48000,220,oo,-700,legacy,147.2199432727233,0.957276642080873,4.563516128500279
48000,220,oo,-700,synchronous,146.83299321765972,0.9999884348966724,0.007183481140082887
48000,220,oo,-700,spectral,146.8330199706582,0.9999866284148795,0.007498912274577407
48000,220,oo,-100,legacy,207.68638291883585,0.9995114131949551,0.2837252505101028
48000,220,oo,-100,synchronous,207.65422255379164,0.9999750585590584,0.015621827090543555
48000,220,oo,-100,spectral,207.65423048113206,0.9999729890140318,0.01568791811995338
48000,220,oo,25,legacy,223.1815575588844,0.9998823259899123,-0.1428492199731618
48000,220,oo,25,synchronous,223.20240568068706,0.99999669668034,0.018863481747415624
48000,220,oo,25,spectral,223.2023861630404,0.9999967557219043,0.018712096210651768
48000,220,oo,100,legacy,233.0519345879662,0.9994880241937705,-0.2224418369796652
48000,220,oo,100,synchronous,233.0844773776832,0.9999953619439111,0.01928648226361832
48000,220,oo,100,spectral,233.08454335388927,0.9999959517273611,0.019776520208054833
48000,220,oo,700,legacy,329.4859481363305,0.9808450180019322,-0.7439020365561293
48000,220,oo,700,synchronous,329.6316079299056,0.9997548789320782,0.02127618090031204
48000,220,oo,700,spectral,329.63177016964175,0.999835258984934,0.022128268137607477
48000,220,oo,1200,legacy,52.382726632095896,0.9925614750990799,-3684.4085539865955
48000,220,oo,1200,synchronous,440.0183514474178,0.9999715405022059,0.07220451839805109
48000,220,oo,1200,spectral,440.0181817571475,0.9999854750454104,0.0715368789023553
48000,660,ah,-1200,legacy,334.4960610398563,0.9975390726414891,23.427837121501298
48000,660,ah,-1200,synchronous,330.00333486754323,0.9991286592032798,0.01749517293320824
48000,660,ah,-1200,spectral,330.0030671906669,0.9997688287380102,0.016090909819911105
48000,660,ah,-700,legacy,443.4807276300418,0.9993331576538571,11.68646335369476
48000,660,ah,-700,synchronous,440.51561650994427,0.999994990620341,0.07256785360421385
48000,660,ah,-700,spectral,440.5154215628185,0.9999979901105043,0.07180170783320627
48000,660,ah,-100,legacy,623.4447563537989,0.9999922272793738,1.3548442747955394
48000,660,ah,-100,synchronous,623.0096014539714,0.9999901173285755,0.14604749040127926
48000,660,ah,-100,spectral,623.0093143140849,0.9999906230585821,0.14524957900182742
48000,660,ah,25,legacy,669.427609648416,0.99966649477089,-0.44556422544802254
48000,660,ah,25,synchronous,669.6435524609566,0.9996005806570387,0.11280423702167261
48000,660,ah,25,spectral,669.6434429062772,0.9996022575776147,0.11252100453749478
48000,660,ah,100,legacy,698.7906505102984,0.9995907485266265,-1.1268624007354977
48000,660,ah,100,synchronous,699.2893621195041,0.9994502301741998,0.10824080844025573
48000,660,ah,100,spectral,699.2895181831867,0.9994529671618527,0.10862717600966028
48000,660,ah,700,legacy,984.6367214503055,0.9992329760241689,-7.449375313256198
48000,660,ah,700,synchronous,988.9546850275948,0.9982035040002003,0.12607061829603458
48000,660,ah,700,spectral,988.954727534715,0.9981991841992118,0.12614502996840235
48000,660,ah,1200,legacy,1311.3293025419161,0.9970963265934729,-11.409488721354615
48000,660,ah,1200,synchronous,1320.3257400568755,0.9980204872590905,0.4271687177935124
48000,660,ah,1200,spectral,1320.3247660907707,0.998044284883052,0.42589163604498725
48000,660,ee,-1200,legacy,330.7637738686165,0.9927896583158949,4.00225305418392
48000,660,ee,-1200,synchronous,330.00422263604753,0.9974204127003641,0.022152498580271254
48000,660,ee,-1200,spectral,330.0034114392342,0.9986703764570123,0.0178968764591005
48000,660,ee,-700,legacy,440.99935607212643,0.9981050026495663,1.9726297040371352
48000,660,ee,-700,synchronous,440.5146546327304,0.9999826508616237,0.06878765526536833
48000,660,ee,-700,spectral,440.5148590438093,0.999989562448991,0.0695909959350958
48000,660,ee,-100,legacy,623.0796032953984,0.999958010662139,0.340559361688783
48000,660,ee,-100,synchronous,623.0115281395988,0.9999695674893757,0.15140140243505854
48000,660,ee,-100,spectral,623.0112280301549,0.9999708853732938,0.15056745348010475
48000,660,ee,25,legacy,669.5954196880238,0.999027754118544,-0.01163822193627623
48000,660,ee,25,synchronous,669.6340964024132,0.9988684661439529,0.08835725168664897
48000,660,ee,25,spectral,669.6341535286631,0.9989188525463208,0.08850494265000909
48000,660,ee,100,legacy,699.200245816154,0.9985622331312802,-0.11239891318496721
48000,660,ee,100,synchronous,699.279783981721,0.9985364062207419,0.08452800410289156
48000,660,ee,100,spectral,699.2799733338622,0.9985787027837961,0.0849967904703887
48000,660,ee,700,legacy,988.2590197749597,0.9949299367369194,-1.092168380236034
48000,660,ee,700,synchronous,988.9461865199984,0.9945229328885288,0.11119332497083013
48000,660,ee,700,spectral,988.951727947778,0.9977609323152276,0.12089403639993875
48000,660,ee,1200,legacy,1319.027979463768,0.9916223292381942,-1.275314349002769
48000,660,ee,1200,synchronous,1320.3651337537956,0.9945883798767513,0.47882164703899305
48000,660,ee,1200,spectral,1320.3321413507858,0.9979176305632597,0.435562185235103
48000,660,oo,-1200,legacy,334.54149122906784,0.9976733710006852,23.662951847940096
48000,660,oo,-1200,synchronous,330.00337322555805,0.9991381739230697,0.017696403316080973
48000,660,oo,-1200,spectral,330.0030593379401,0.9997803551164013,0.016049713511532143
48000,660,oo,-700,legacy,443.51079828483716,0.9993688243389741,11.803847432253287
48000,660,oo,-700,synchronous,440.51540331872496,0.999995055578852,0.07173000819443848
48000,660,oo,-700,spectral,440.5155141404132,0.9999980432913577,0.07216553951643692
48000,660,oo,-100,legacy,623.4500339990237,0.9999925835064302,1.3694996237197143
48000,660,oo,-100,synchronous,623.0095477335592,0.9999902266948563,0.14589821082264318
48000,660,oo,-100,spectral,623.0093523157467,0.999990875787924,0.14535517897806752
48000,660,oo,25,legacy,669.4277291455492,0.9996696358401967,-0.44525518906508765
48000,660,oo,25,synchronous,669.6437569024348,0.9996104443318865,0.11333278089052919
48000,660,oo,25,spectral,669.6435916683157,0.9996104027966721,0.11290560007190602
48000,660,oo,100,legacy,698.7850852357029,0.9995990915322678,-1.1406502658590292
48000,660,oo,100,synchronous,699.2897662117426,0.999464645938377,0.10924122125671194
48000,660,oo,100,spectral,699.2894955412078,0.9994631925837587,0.1085711211645905
48000,660,oo,700,legacy,984.5892651466037,0.9992639225459047,-7.532817203000096
48000,660,oo,700,synchronous,988.9551523317066,0.9981994107402511,0.12688866649444405
48000,660,oo,700,spectral,988.9546646369602,0.9982053525211594,0.1260349230698139
48000,660,oo,1200,legacy,1311.2384286220133,0.9971942234351745,-11.529465812890923
48000,660,oo,1200,synchronous,1320.3285914347437,0.9979970173579108,0.43090748995562433
48000,660,oo,1200,spectral,1320.3250477113243,0.9980459668797634,0.4262609020403746
96000,90,ah,-1200,legacy,0.0,0.7487577946315046,
96000,90,ah,-1200,synchronous,45.000004450532295,0.9998434996477539,0.00017122028134624706
96000,90,ah,-1200,spectral,45.00000613442505,0.9998804353006668,0.00023600277312350366
96000,90,ah,-700,legacy,60.16762967838334,0.817466095052531,2.8750252550983855
96000,90,ah,-700,synchronous,60.06780289188784,0.9999461736369363,0.00027248369785807017
96000,90,ah,-700,spectral,60.067808135577025,0.9999367082563071,0.0004236137948249111
96000,90,ah,-100,legacy,84.95917532921358,0.9978312814606717,0.2137132014538982
96000,90,ah,-100,synchronous,84.94868486727563,0.9999867867487271,-6.672490712019314e-05
96000,90,ah,-100,spectral,84.94872281279793,0.9999872848644205,0.0007065956645702023
96000,90,ah,25,legacy,91.30211560386313,0.9992851984729748,-0.1320537837825267
96000,90,ah,25,synchronous,91.30906850629458,0.9998019240722507,-0.00022065982961821514
96000,90,ah,25,spectral,91.30910863631563,0.9998057239702495,0.0005402114038186873
96000,90,ah,100,legacy,95.33965217736423,0.9976718061876855,-0.21836720022248624
96000,90,ah,100,synchronous,95.35167672307848,0.9999423386033203,-3.212318777891655e-05
96000,90,ah,100,spectral,95.35171556219186,0.9999431152553964,0.0006730514259199337
96000,90,ah,700,legacy,134.73975980875954,0.9149593185342599,-1.3855286888609037
96000,90,ah,700,synchronous,134.84770229316976,0.9999889266808415,0.0008393037844145375
96000,90,ah,700,spectral,134.84776454331745,0.9999855201616961,0.001638498346312966
96000,90,ah,1200,legacy,47.365663785545415,0.9919277816078014,-2311.3000785545128
96000,90,ah,1200,synchronous,180.00015712082774,0.9998435991492742,0.0015111822672031002
96000,90,ah,1200,spectral,180.00023939314528,0.9998407108802443,0.0023024738255635426
96000,90,ee,-1200,legacy,0.0,0.7176482463525584,
96000,90,ee,-1200,synchronous,45.00000651178978,0.999977392389803,0.0002505206970516762
96000,90,ee,-1200,spectral,45.00000439181437,0.9999416375875194,0.00016896129349475153
96000,90,ee,-700,legacy,60.42152341971604,0.7991357864430383,10.165069642035803
96000,90,ee,-700,synchronous,60.06781133789647,0.9999922715501247,0.0005159088941176566
96000,90,ee,-700,spectral,60.06781699856022,0.9999841902448476,0.000679056728864133
96000,90,ee,-100,legacy,84.97994375685923,0.997571321311439,0.636864850798859
96000,90,ee,-100,synchronous,84.94875578786004,0.9999981295735251,0.00137861917865419
96000,90,ee,-100,spectral,84.9487239286999,0.9999982345202045,0.0007293374717014301
96000,90,ee,25,legacy,91.29050954197534,0.9994550734141555,-0.352137256778489
96000,90,ee,25,synchronous,91.30911553228474,0.9999729160319523,0.0006709599811960367
96000,90,ee,25,spectral,91.30911537283296,0.999972157556412,0.0006679367525743584
96000,90,ee,100,legacy,95.31770245226254,0.9973883218256068,-0.6169892382279176
96000,90,ee,100,synchronous,95.35172279188696,0.9999918719175327,0.00080431591127044
96000,90,ee,100,spectral,95.35170717662598,0.9999920354627041,0.0005208005964248199
96000,90,ee,700,legacy,134.58152444197708,0.9041179442423645,-3.4198460806242896
96000,90,ee,700,synchronous,134.84780873069886,0.9999984981295761,0.0022057950081553193
96000,90,ee,700,spectral,134.84774882038516,0.9999959258692757,0.00143664051515845
96000,90,ee,1200,legacy,47.361823101033664,0.9911715780950895,-2311.4404628087696
96000,90,ee,1200,synchronous,180.00035509486938,0.9999719246232848,0.003415287345329304
96000,90,ee,1200,spectral,180.00021989085897,0.9999758129276229,0.002114901719936093
96000,90,oo,-1200,legacy,37.20821115434432,0.7701234379842595,-329.1647630843488
96000,90,oo,-1200,synchronous,45.000003659896365,0.9999755033502077,0.00014080304327026189
96000,90,oo,-1200,spectral,45.000008922262,0.9999476613614346,0.00034325604969862484
96000,90,oo,-700,legacy,60.50922975062136,0.8338838656897463,12.67626235396649
96000,90,oo,-700,synchronous,60.067826252783284,0.9999904508170914,0.0009457756748729845
96000,90,oo,-700,spectral,60.067805451481824,0.9999841800474792,0.00034625460276972795
96000,90,oo,-100,legacy,84.9979706308576,0.9979310403448234,1.0040741825948116
96000,90,oo,-100,synchronous,84.94884895939201,0.9999974105506224,0.003277430274540446
96000,90,oo,-100,spectral,84.94872081452446,0.999998014491364,0.000665871342850288
96000,90,oo,25,legacy,91.28125559131634,0.9996024296385783,-0.5276381560688521
96000,90,oo,25,synchronous,91.30910769618143,0.9999696776236436,0.0005223863216661151
96000,90,oo,25,spectral,91.30910632839291,0.9999702740480908,0.0004964528508786185
96000,90,oo,100,legacy,95.29622433485818,0.9977871504111809,-1.0071354247568047
96000,90,oo,100,synchronous,95.3518027175109,0.9999906338226074,0.0022554685442059295
96000,90,oo,100,spectral,95.35171877645486,0.9999913884400656,0.000731410538048441
96000,90,oo,700,legacy,134.37248628737802,0.9203977637210319,-6.110968199871917
96000,90,oo,700,synchronous,134.84795811083438,0.9999979505304561,0.004123600244298721
96000,90,oo,700,spectral,134.8477551292532,0.9999960851055835,0.0015176365049033005
96000,90,oo,1200,legacy,47.356111826064016,0.9926045313215559,-2311.6492417208233
96000,90,oo,1200,synchronous,180.00050173348927,0.9999689244096227,0.0048256493866458685
96000,90,oo,1200,spectral,180.00016899790276,0.9999722435184222,0.0016254154784396476
96000,220,ah,-1200,legacy,110.19134147201326,0.9476270414239895,3.0088099969175457
96000,220,ah,-1200,synchronous,110.00004643508406,0.9998761322107802,0.0007308180145933346
96000,220,ah,-1200,spectral,110.00005228480266,0.9999426292233082,0.0008228837190817428
96000,220,ah,-700,legacy,146.94896478914944,0.9863444589662241,1.3740063117719301
96000,220,ah,-700,synchronous,146.83247420925792,0.9999375435191448,0.0010641030272175256
96000,220,ah,-700,spectral,146.83251913057734,0.9999586431256141,0.0015937495254110365
96000,220,ah,-100,legacy,207.66860874170217,0.9997239050138869,0.1355567619420682
96000,220,ah,-100,synchronous,207.65266309781686,0.9998503341997995,0.002620437636783077
96000,220,ah,-100,spectral,207.65272209337408,0.9998473886587836,0.0031122931293468678
96000,220,ah,25,legacy,223.19315704533483,0.9999505166823281,-0.05287357734745106
96000,220,ah,25,synchronous,223.20053138033265,0.9999802498845964,0.004325707363175823
96000,220,ah,25,spectral,223.2005700748994,0.9999812440665751,0.004625838125438639
96000,220,ah,100,legacy,233.06442546114633,0.9998163125068477,-0.1296554565362417
96000,220,ah,100,synchronous,233.08250930757177,0.9999722032140581,0.004668587452401543
96000,220,ah,100,spectral,233.08250959775935,0.9999735412762379,0.004670742837770164
96000,220,ah,700,legacy,329.47911302615427,0.9933900324347752,-0.7798164610500085
96000,220,ah,700,synchronous,329.6292042197789,0.9999203377890278,0.00865178479228325
96000,220,ah,700,spectral,329.6292832934083,0.9999029163944335,0.009067084594068584
96000,220,ah,1200,legacy,439.70589305979337,0.9854307923389435,-1.1575868069996582
96000,220,ah,1200,synchronous,440.0042415198061,0.9999486038922388,0.01668870026240583
96000,220,ah,1200,spectral,440.0043707073683,0.9999547413751371,0.017196999620465208
96000,220,ee,-1200,legacy,30.403424773344025,0.8918072763298172,-2226.23732928212
96000,220,ee,-1200,synchronous,110.0000085534714,0.9999846636954199,0.00013461873048731571
96000,220,ee,-1200,spectral,110.00005608199159,0.999993492595116,0.0008826457148273187
96000,220,ee,-700,legacy,148.28845091459684,0.9547685372974105,17.083261147394566
96000,220,ee,-700,synchronous,146.83247152986957,0.9999921167831152,0.0010325115931327708
96000,220,ee,-700,spectral,146.83249701807523,0.9999957622472713,0.0013330312616473888
96000,220,ee,-100,legacy,207.81689939777877,0.9994931329465736,1.3713439979822888
96000,220,ee,-100,synchronous,207.65267567791628,0.9999837527785372,0.0027253199699247004
96000,220,ee,-100,spectral,207.65275399027334,0.9999842466169183,0.003378222673858589
96000,220,ee,25,legacy,223.09357214166192,0.9998420437734492,-0.8254924682883453
96000,220,ee,25,synchronous,223.20054210956448,0.9999977504074699,0.00440892764429113
96000,220,ee,25,spectral,223.20059221963726,0.9999978090753668,0.004797601675483459
96000,220,ee,100,legacy,232.894779235988,0.9994397151176819,-1.3902693957223204
96000,220,ee,100,synchronous,233.08245147599715,0.9999969922047363,0.004239039976499293
96000,220,ee,100,spectral,233.08247192906498,0.999996890500293,0.004390956371944914
96000,220,ee,700,legacy,328.15557748077464,0.9793919389971487,-7.74828369080627
96000,220,ee,700,synchronous,329.6292678824354,0.9999806232460201,0.008986145178136938
96000,220,ee,700,spectral,329.6292162011138,0.9999850412683078,0.008714711542460245
96000,220,ee,1200,legacy,52.397935798064,0.9924254910455393,-3683.9059683843266
96000,220,ee,1200,synchronous,440.00457694788116,0.999955460572236,0.018008470001730288
96000,220,ee,1200,spectral,440.0042852585958,0.9999851360835532,0.016860794235866894
96000,220,oo,-1200,legacy,30.514331645941187,0.8957692927918905,-2219.933552598869
96000,220,oo,-1200,synchronous,110.00017269974163,0.9999738372629224,0.0027180312570934404
96000,220,oo,-1200,spectral,110.0000618875456,0.9999795524801097,0.0009740163274089806
96000,220,oo,-700,legacy,147.2205709813817,0.9572717301555367,4.5708976575338625
96000,220,oo,-700,synchronous,146.83284554865276,0.9999854925372264,0.0054423891973722546
96000,220,oo,-700,spectral,146.8325259031198,0.999986647004666,0.001673601426663086
96000,220,oo,-100,legacy,207.68498429561348,0.9995113964113281,0.27206655501245136
96000,220,oo,-100,synchronous,207.6532945534732,0.999973595982978,0.007884978212476986
96000,220,oo,-100,spectral,207.65270882890462,0.9999730284120439,0.003001705116268698
96000,220,oo,25,legacy,223.1796578021918,0.999882308168846,-0.15758582054699857
96000,220,oo,25,synchronous,223.20096044396357,0.9999953313219622,0.007653696093690972
96000,220,oo,25,spectral,223.20055860930322,0.9999967637144367,0.004536906314163726
96000,220,oo,100,legacy,233.04983625157055,0.9994880110096068,-0.2380294688739684
96000,220,oo,100,synchronous,233.08266237458432,0.9999940167366037,0.005805501318882018
96000,220,oo,100,spectral,233.08252135867266,0.9999959619219784,0.004758097710731768
96000,220,oo,700,legacy,329.48208532620646,0.9810163852844109,-0.7641987067200154
96000,220,oo,700,synchronous,329.6292519819466,0.9999741445088637,0.008902634789690313
96000,220,oo,700,spectral,329.6291881254174,0.9999839483911639,0.00856725615518643
96000,220,oo,1200,legacy,52.382683198539794,0.9929458254082592,-3684.4099894537276
96000,220,oo,1200,synchronous,440.0046798480911,0.9999697409633937,0.01841333925924692
96000,220,oo,1200,spectral,440.00422420826266,0.9999854761605983,0.01662058652360341
96000,660,ah,-1200,legacy,334.49672991682843,0.9977853409554557,23.43129899016273
96000,660,ah,-1200,synchronous,330.0019338697202,0.999991054856208,0.010145367564189699
96000,660,ah,-1200,spectral,330.00191845169,0.9999973074037923,0.010064482524495832
96000,660,ah,-700,legacy,443.4666443361062,0.9993336405395851,11.631484944023605
96000,660,ah,-700,synchronous,440.5018228837079,0.9999953759492853,0.0183578134060595
96000,660,ah,-700,spectral,440.50167879178827,0.9999979472686779,0.017791511825975985
96000,660,ah,-100,legacy,623.4054883628537,0.999992350121364,1.2457981671764065
96000,660,ah,-100,synchronous,622.9700055627687,0.9999904562342512,0.03601397991667974
96000,660,ah,-100,spectral,622.9698127422067,0.9999906236408835,0.035478131366746726
96000,660,ah,25,legacy,669.3892713538266,0.9998317701729325,-0.5447152922388121
96000,660,ah,25,synchronous,669.6098433021682,0.9998642081627672,0.025653525054852445
96000,660,ah,25,spectral,669.6097412291792,0.999864749975479,0.025389621755037086
96000,660,ah,100,legacy,698.7499765415718,0.9998292580857528,-1.2276339392899434
96000,660,ah,100,synchronous,699.2597411519879,0.9999082227699266,0.03490648300538705
96000,660,ah,100,spectral,699.259746689856,0.9999087132578639,0.034920193712740986
96000,660,ah,700,legacy,984.4908320966744,0.9992335119506583,-7.705903760496364
96000,660,ah,700,synchronous,988.9344431931282,0.9999866944881055,0.09063551473523919
96000,660,ah,700,spectral,988.9344834601363,0.999986739137733,0.0907060063782988
96000,660,ah,1200,legacy,1311.1945008339524,0.9992269157123844,-11.587464842375375
96000,660,ah,1200,synchronous,1320.0930174328025,0.9997171475360735,0.12199187364054179
96000,660,ah,1200,spectral,1320.0931329412963,0.9997209848728168,0.12214335707859408
96000,660,ee,-1200,legacy,330.7889427863315,0.9928477573707788,4.133983409907522
96000,660,ee,-1200,synchronous,330.0017287981096,0.9999743231792295,0.009069534277619076
96000,660,ee,-1200,spectral,330.0018151203524,0.9999857785584501,0.009522392469813238
96000,660,ee,-700,legacy,441.0012126927615,0.9981091082567837,1.9799182364340653
96000,660,ee,-700,synchronous,440.50149429955366,0.9999867177309851,0.01706643103600758
96000,660,ee,-700,spectral,440.5015777090721,0.9999895039785807,0.01739424237484698
96000,660,ee,-100,legacy,623.040270855041,0.9999615342607513,0.2312702613139596
96000,660,ee,-100,synchronous,622.9703167352665,0.9999729260875485,0.036878728273414235
96000,660,ee,-100,spectral,622.970302742428,0.9999712741148062,0.03683984218510529
96000,660,ee,25,legacy,669.5712896808607,0.9996481333127928,-0.07402730272392757
96000,660,ee,25,synchronous,669.6107598476582,0.9996196801793095,0.02802319403424788
96000,660,ee,25,spectral,669.6107884042998,0.999639431393565,0.028097025328724372
96000,660,ee,100,legacy,699.179154369939,0.9997070734550897,-0.16462255124689384
96000,660,ee,100,synchronous,699.2609785169635,0.9997583413398089,0.03796996050241166
96000,660,ee,100,spectral,699.2609885016918,0.9997680053131242,0.03799468074575056
96000,660,ee,700,legacy,988.2319603486442,0.9990824646350225,-1.1395717842077495
96000,660,ee,700,synchronous,988.9354485303655,0.9999596221994704,0.09239546271072836
96000,660,ee,700,spectral,988.9348230895563,0.9999837938787813,0.0913005633736477
96000,660,ee,1200,legacy,1318.6768500535272,0.9977939956875792,-1.736235667738466
96000,660,ee,1200,synchronous,1320.0874230858753,0.9992337645973921,0.11465516003274898
96000,660,ee,1200,spectral,1320.0921413631847,0.9997037058324056,0.12084295304570063
96000,660,oo,-1200,legacy,334.5417880597692,0.997897291083022,23.664487930018055
96000,660,oo,-1200,synchronous,330.00209732910724,0.9999887626764641,0.01100289704304694
96000,660,oo,-1200,spectral,330.00192421235585,0.9999973235877592,0.010094703745316298
96000,660,oo,-700,legacy,443.49684438083756,0.9993691734165707,11.74937783681481
96000,660,oo,-700,synchronous,440.5019729353604,0.9999934375328696,0.018947537380274704
96000,660,oo,-700,spectral,440.5017161537742,0.9999980043846557,0.017938349721584874
96000,660,oo,-100,legacy,623.4107483265328,0.9999926971992098,1.260405336942479
96000,660,oo,-100,synchronous,622.970309776675,0.9999892965217555,0.036859390352632894
96000,660,oo,-100,spectral,622.96982990329,0.9999908766653298,0.03552582204241393
96000,660,oo,25,legacy,669.389192097837,0.999833358673685,-0.5449202711379424
96000,660,oo,25,synchronous,669.6101645965433,0.9998664716107204,0.026484211213508066
96000,660,oo,25,spectral,669.6097478921066,0.9998675093164154,0.02540684833619555
96000,660,oo,100,legacy,698.744179698129,0.9998313009336478,-1.2419963503247962
96000,660,oo,100,synchronous,699.2601319345922,0.9999096188535552,0.03587398609671413
96000,660,oo,100,spectral,699.2596929011072,0.999910401851574,0.034787023002977126
96000,660,oo,700,legacy,984.4430692297036,0.999264274642594,-7.789897135328564
96000,660,oo,700,synchronous,988.934836110376,0.9999845154179245,0.09132335768285689
96000,660,oo,700,spectral,988.934427818556,0.9999867592818305,0.09060859992430619
96000,660,oo,1200,legacy,1311.099294659318,0.9992505927234825,-11.713174762113603
96000,660,oo,1200,synchronous,1320.0924893146112,0.9996519396646835,0.12129927367565152
96000,660,oo,1200,spectral,1320.0932048722086,0.9997211935502734,0.12223769075702633
